fraction_percent,class_name,dinov2_roc_auc_mean,dinov2_roc_auc_std,resnet18_roc_auc_mean,resnet18_roc_auc_std,roc_auc_gap_mean,roc_auc_gap_std,resnet18_roc_auc_wins,dinov2_roc_auc_wins,dinov2_ap_mean,dinov2_ap_std,resnet18_ap_mean,resnet18_ap_std,ap_gap_mean,ap_gap_std,resnet18_ap_wins,dinov2_ap_wins
5,atelectasis,0.7082420802401956,0.007301644772881547,0.7401504909204059,0.007840687996160145,0.031908410680210185,0.0015725348464899435,3,0,0.19770243561230547,0.006758217856346697,0.24218445162591354,0.0054154062509301736,0.04448201601360807,0.00542612426021454,3,0
5,cardiomegaly,0.7007944459624941,0.013999274451417115,0.8159045425104492,0.012655750836263737,0.11511009654795519,0.011146206576824875,3,0,0.049439220613607095,0.005829090067958846,0.13304035758175728,0.03340181651216732,0.0836011369681502,0.029423588989299206,3,0
5,effusion,0.7850682531499554,0.0031285711593759626,0.8146301333064706,0.012099262766809893,0.029561880156515136,0.009549236147867344,3,0,0.30492544957480155,0.006376871669868516,0.3546877472058882,0.009707231550454127,0.04976229763108667,0.0037594124885509126,3,0
5,infiltration,0.6409472932930869,0.004666714508676631,0.6343678638081992,0.013958780063753897,-0.006579429484887767,0.018145555078038857,1,2,0.2926536352651751,0.004678284386814276,0.27515632188008665,0.009162623423659458,-0.017497313385088475,0.012685363209910592,0,3
5,mass,0.6419378012711597,0.030047580071336035,0.7267750298911334,0.02408551147283456,0.0848372286199736,0.011531337809803152,3,0,0.10632943441775221,0.01241573469674792,0.16784097411989032,0.01690494647252408,0.06151153970213813,0.01378723209598918,3,0
5,nodule,0.6131130746988096,0.013909843466200437,0.6386943604720855,0.013739594042047004,0.025581285773275935,0.019885847246830717,3,0,0.08834520333494744,0.001560953318693211,0.11089025894512412,0.00824386847698172,0.022545055610176706,0.006721643849290877,3,0
5,pneumonia,0.6242169332767242,0.04455746854655177,0.6784103502487048,0.02588098241078936,0.05419341697198069,0.0304746226831314,3,0,0.018504000381781068,0.0017814962786366405,0.0269943984177921,0.0049959999186712616,0.008490398036011034,0.005091228923815041,3,0
5,pneumothorax,0.7620087055924666,0.022037152075912322,0.8161479358166245,0.017468557469244368,0.05413923022415782,0.039487553828038466,3,0,0.14485762867917693,0.017220529227994056,0.21381075996925944,0.023188126961729432,0.0689531312900825,0.02960984563781761,3,0
5,consolidation,0.7333699335947895,0.00464777159438295,0.7625228691060565,0.002746538711448293,0.029152935511267002,0.004352138324944782,3,0,0.09660099277920743,0.0017465123656997532,0.10520575129615556,0.005617038385243027,0.008604758516948132,0.004782636640563084,3,0
5,edema,0.8346561998971472,0.023763690034885994,0.8624711105060955,0.006242509815613977,0.02781491060894818,0.02998616538759479,3,0,0.08496890994951956,0.011088212400715192,0.10770591004422585,0.015761760480531867,0.022737000094706267,0.012452519947458541,3,0
5,emphysema,0.750016155173498,0.02485007326743097,0.787494847809533,0.014984832032130638,0.037478692636035316,0.03499077131255633,2,1,0.06943073721976656,0.015158722628924974,0.0894940627119008,0.022431857319845632,0.020063325492134233,0.03455643399089775,2,1
5,fibrosis,0.6586314497109037,0.03127428499431665,0.7002672773787633,0.025362704332295292,0.04163582766785948,0.024736398838315233,3,0,0.03341291827650336,0.003910127118776504,0.041180768367919736,0.009243666211594316,0.007767850091416367,0.010470717915925224,2,1
5,pleural,0.6735812273879139,0.025607721312632326,0.7297131030399037,0.009414284573344771,0.05613187565198977,0.03205032220271718,3,0,0.07555079560734913,0.007287346055779189,0.09589324715911,0.0038621201307744517,0.020342451551760867,0.00920724140953984,3,0
5,hernia,0.6078148569998851,0.02974311780486861,0.7050288967731331,0.03225492455348667,0.09721403977324798,0.02456555141879508,3,0,0.0095557526518701,0.004463438614396157,0.010945576633121666,0.004095881058755934,0.0013898239812515664,0.002136377451500095,2,1
10,atelectasis,0.722378169452334,0.006836137805139072,0.7613512034849598,0.00536490035162227,0.03897303403262568,0.0014744105969984019,3,0,0.20780917098408067,0.005623817562832131,0.25417436534225724,0.006422002235496145,0.04636519435817656,0.0012882237856364379,3,0
10,cardiomegaly,0.7311179929360092,0.012822320482361732,0.8537651425448584,0.010359302739138548,0.12264714960884922,0.019003588113098185,3,0,0.06318725012646244,0.004618991546069878,0.19929816418001567,0.018857846631197633,0.13611091405355324,0.016591871273413075,3,0
10,effusion,0.7961693245106201,0.0014863626829471526,0.8338318772446495,0.011292141276267181,0.03766255273402963,0.010274611680924103,3,0,0.324249515753989,0.004574193805156643,0.414186771326336,0.00977213245734088,0.08993725557234705,0.006194254936830787,3,0
10,infiltration,0.6505135356260202,0.004888327366423494,0.6611320849017898,0.00356266642017054,0.010618549275769626,0.008369913707517364,3,0,0.29839583531114483,0.003952603617136905,0.30679781415074153,0.007171782377569897,0.008401978839596739,0.010087331010974462,2,1
10,mass,0.6781747655905859,0.016072792993328772,0.7423968535649109,0.02087909736770407,0.06422208797432505,0.015108503879026127,3,0,0.12482352150360325,0.0046171743978351415,0.2013148004312477,0.0040292315320282065,0.07649127892764444,0.00862597669840566,3,0
10,nodule,0.6337676858503046,0.009449546793381197,0.6581903376432251,0.012245469954233371,0.024422651792920507,0.01920798623449997,3,0,0.09828835366145554,0.0014005347526137028,0.1280806465930727,0.009494942346265528,0.02979229293161717,0.010888924562444412,3,0
10,pneumonia,0.6403818494459133,0.033931504060422384,0.7155282216003657,0.0013252408134351841,0.07514637215445248,0.03351536726484458,3,0,0.0218275692414811,0.0029293999055218923,0.0336551203189124,0.004733871009272601,0.011827551077431298,0.007352267230886017,3,0
10,pneumothorax,0.7733191244040521,0.016491302178932347,0.8340998254437358,0.012847143688833574,0.06078070103968377,0.029115722396852808,3,0,0.15856569216586222,0.016620693339168945,0.2570964391115047,0.027043487279584888,0.09853074694564253,0.03293388875998315,3,0
10,consolidation,0.7521274118305447,0.0025478113853552096,0.7706836128577058,0.0044108181371316215,0.018556201027161084,0.004226712439609518,3,0,0.10220446551656824,0.0016058913745919015,0.10311463760405888,0.00613930730527112,0.0009101720874906682,0.00748527769786494,2,1
10,edema,0.8469419487551805,0.0221654818768219,0.8693357685210396,0.003329489340543298,0.022393819765858896,0.024512206874949927,3,0,0.09589260226995207,0.015205563782135053,0.11234637076967297,0.0028542751455093718,0.016453768499720897,0.016671445885077803,3,0
10,emphysema,0.763559430080409,0.007380128304415048,0.8091234231968497,0.01510145885063611,0.045563993116440694,0.020125518729840145,3,0,0.085327199275699,0.002262313811140455,0.1190232483644806,0.010310058767865246,0.0336960490887816,0.009138411337195259,3,0
10,fibrosis,0.6871085173045389,0.01626693200345142,0.7400465882347812,0.006536170183470755,0.052938070930242276,0.021049520512784938,3,0,0.04279859156215856,0.004006688304976555,0.04929643552917947,0.006138151414583682,0.006497843967020904,0.00405709504657251,3,0
10,pleural,0.7005623674748778,0.01833444318111551,0.7325463773905739,0.013516616445225425,0.031984009915696054,0.004846829835515614,3,0,0.09175747795191326,0.0027542667592217757,0.0882450050000067,0.006633605813310394,-0.0035124729519065653,0.007116080117140237,1,2
10,hernia,0.7017268240315254,0.010548843400687208,0.7466699250996806,0.023621960298030504,0.04494310106815502,0.021660633911994607,3,0,0.010521219565434066,0.0030562045455006974,0.0160098141884077,0.0016352750435388427,0.005488594622973633,0.004226886804243154,3,0
25,atelectasis,0.7331927522510965,0.00191998930517029,0.7837856171676149,0.0029074579764923553,0.050592864916518376,0.00446377661613976,3,0,0.2210136288080116,0.0008382693225961422,0.2861639124751471,0.004516926372552815,0.0651502836671355,0.004871367239181072,3,0
25,cardiomegaly,0.7453700119419904,0.012247296023496156,0.8707896894070499,0.010275188360212966,0.12541967746505955,0.016284495944213426,3,0,0.0715066811062777,0.01114045143254385,0.22138751941288023,0.011396709372449573,0.1498808383066025,0.012999458609888107,3,0
25,effusion,0.8065457691509215,0.0009746431889842491,0.8623265238719432,0.0034111102082068877,0.055780754721021696,0.0038170445378381355,3,0,0.3373708861839871,0.004742584339330937,0.46666346966055605,0.002063422107508878,0.12929258347656894,0.006660153057440972,3,0
25,infiltration,0.6606961557122369,0.002490925483324852,0.6761133370293738,0.003198094147370036,0.015417181317136874,0.005532686791345274,3,0,0.3075372074007768,0.004263230915878999,0.3158353159273581,0.006106511711235138,0.008298108526581268,0.009564703821737805,2,1
25,mass,0.6985515071424077,0.011323345963092452,0.8049679944622742,0.003995316635442142,0.10641648731986657,0.015019966369061562,3,0,0.13608899092812868,0.0036091439665210134,0.28966612172904416,0.028131818079590937,0.15357713080091548,0.029837821970668713,3,0
25,nodule,0.6482272953934475,0.014625378314146047,0.7003284996632048,0.00677287104121658,0.052101204269757284,0.007852582930689446,3,0,0.10616414775149396,0.005645393859127878,0.14636319808629206,0.0096306127438693,0.0401990503347981,0.010779236749539359,3,0
25,pneumonia,0.6684784304256944,0.01224688564459229,0.7276652754021079,0.011234296056872171,0.05918684497641358,0.007681590437953429,3,0,0.024406234482722198,0.0008702080882404286,0.04067537731514143,0.007603046848444726,0.01626914283241923,0.0068749081956667405,3,0
25,pneumothorax,0.7897411777486439,0.010516437849819267,0.8566650803526678,0.004414851167728723,0.06692390260402392,0.006745967845783015,3,0,0.18250765753596007,0.006839055174952249,0.2803734199190469,0.011034448616848372,0.09786576238308686,0.012603783860693543,3,0
25,consolidation,0.7649673055201806,0.006714624987193334,0.7939599115335613,0.01481923788379476,0.02899260601338079,0.018300794908869426,3,0,0.10845868070246002,0.006067275999798756,0.12310273598198378,0.006129971555355308,0.014644055279523735,0.00862827561390547,3,0
25,edema,0.8660250476449769,0.0034994988664001957,0.8948316544151012,0.0016962065759894213,0.028806606770124293,0.003288795602824508,3,0,0.10354332049646237,0.004007872390062337,0.13831250685452143,0.006233536190672466,0.034769186358059055,0.004531594825747881,3,0
25,emphysema,0.7677581742267057,0.004964834376570337,0.8411939168058048,0.006024501837319282,0.07343574257909924,0.0026370096192561846,3,0,0.09286647430279947,0.0037898570845996404,0.1777864834745236,0.024601143142624387,0.08492000917172415,0.02814479650340878,3,0
25,fibrosis,0.7032096539600907,0.00484945051003813,0.7653273003349687,0.012950116055703996,0.0621176463748779,0.017507154583775317,3,0,0.046392710712895906,0.0031324032490122325,0.06841453871259576,0.004972072940746506,0.022021827999699862,0.0018400694898447647,3,0
25,pleural,0.722079804699646,0.011786666609055144,0.7630243880920448,0.012489265196717694,0.04094458339239859,0.004134120922281656,3,0,0.09703553168417928,0.0069616898524534915,0.11130799881827098,0.00835228986369243,0.01427246713409173,0.013006106172006114,2,1
25,hernia,0.7704441215104584,0.016555538025338976,0.8124480869070633,0.010930347675450175,0.04200396539660515,0.005718648885843419,3,0,0.014834583507339566,0.00476603990974004,0.0306433043744984,0.011850722522037883,0.015808720867158833,0.008875859764950922,3,0
50,atelectasis,0.7406013885570863,0.0010860091635950145,0.7992945139017923,0.003704679342100603,0.05869312534470602,0.00473385006625965,3,0,0.23206748075828498,0.002037310443436028,0.308559105781393,0.008248227073534871,0.07649162502310804,0.010092257962582174,3,0
50,cardiomegaly,0.7645952879740109,0.007550610861113196,0.8984820768942728,0.010434616901371584,0.13388678892026187,0.00790799704640325,3,0,0.0842014957107044,0.005810729694614908,0.2400794830406642,0.006272013174706151,0.1558779873299598,0.005934087750486152,3,0
50,effusion,0.811992938024462,0.0013427643236085603,0.8704086789185409,0.0006514954181617793,0.058415740894078895,0.0019517561497326575,3,0,0.35152361142520533,0.00012390720413066488,0.48200902167377463,0.011489430377344245,0.13048541024856933,0.011612597813515214,3,0
50,infiltration,0.6654804707134035,0.001405537357935246,0.6871378080555801,0.0008396923551256205,0.021657337342176453,0.002226719988793541,3,0,0.31171505930697246,0.001584807066995268,0.328548311248174,0.005970798651427615,0.016833251941201593,0.0051255847788372905,3,0
50,mass,0.7096062425272166,0.0030260927915787346,0.8343771191240325,0.009602670457458752,0.12477087659681589,0.012573730735257289,3,0,0.14552485802409762,0.0023478939628435607,0.3349676951659381,0.01512740078983743,0.1894428371418404,0.013962207347382492,3,0
50,nodule,0.6665555893598348,0.0015082366399708075,0.7184142077642447,0.011002277470630732,0.05185861840440994,0.009656094135245832,3,0,0.11801536959066777,0.0024829508152818375,0.16691203177295644,0.004572786721764318,0.04889666218228864,0.006769014260222578,3,0
50,pneumonia,0.6881512368328361,0.0050986941801620025,0.7394799464835641,0.0055262646044668285,0.05132870965072789,0.009913996466983445,3,0,0.02763221277464317,0.0009454606026802806,0.042907739413458164,0.004805959182008587,0.015275526638815004,0.004640099918826028,3,0
50,pneumothorax,0.802264879872206,0.004064750841607359,0.8696534428568959,0.005944250073949523,0.06738856298468998,0.008625011618210054,3,0,0.208654395075055,0.008085292123045717,0.31026149825765875,0.012876704570361587,0.10160710318260373,0.016245830045846097,3,0
50,consolidation,0.7718257874628979,0.004946150623972989,0.8087539075123091,0.003527606733339518,0.036928120049411296,0.006176208429475149,3,0,0.11270774796869314,0.005539472204969041,0.13709230393778127,0.008497522686241855,0.024384555969088128,0.012277483613492755,3,0
50,edema,0.8724252049490274,0.0032887079631256414,0.9002562240977704,0.006730918669194988,0.027831019148743048,0.006741084728302314,3,0,0.1092517990960633,0.0004378510369500183,0.15400223521347164,0.015124420423504098,0.04475043611740834,0.014773036666852308,3,0
50,emphysema,0.7741478364293051,0.0037259364113794015,0.8543506318855969,0.012906737799464465,0.08020279545629183,0.014850940779624996,3,0,0.1074558679406701,0.005733318425024137,0.21784846106460978,0.019228470008873753,0.11039259312393969,0.020444390032765204,3,0
50,fibrosis,0.7200244023229442,0.003001203340215574,0.7894464858438548,0.015480430473183112,0.06942208352091073,0.01596054118385658,3,0,0.05113564839444843,0.0026549058947223066,0.06946975664661424,0.010630088995596889,0.0183341082521658,0.00805140511716711,3,0
50,pleural,0.7391095203966014,0.008297506399258425,0.7770438401447569,0.011151987529747673,0.037934319748155455,0.0031522227155728394,3,0,0.1104357781136236,0.0028246654729192342,0.13339066403513752,0.011591102517417302,0.02295488592151393,0.010092737834769468,3,0
50,hernia,0.797137815715248,0.028986414038843285,0.8308953272034062,0.021988834833503987,0.033757511488158344,0.011263471248642033,3,0,0.03402894647340216,0.011536282427140544,0.021214528686862934,0.0038607254199588283,-0.012814417786539231,0.01376503647535991,1,2
100,atelectasis,0.7443963551851164,0.0009789279080068694,0.8063733384062267,0.007587217987100589,0.06197698322111026,0.008234984211840601,3,0,0.23534231688246252,0.0016759482329075787,0.32094725275930386,0.00982683983637041,0.08560493587684137,0.010916832792807094,3,0
100,cardiomegaly,0.7729011699102327,0.002323472627138595,0.8941964963415003,0.009337465515218813,0.12129532643126757,0.011591626079686123,3,0,0.09415005392214067,0.0017830026210349824,0.24225869769125707,0.03783834172856045,0.1481086437691164,0.03648172563770441,3,0
100,effusion,0.8160746046760549,0.0008563754610543624,0.8789438702320541,0.0017648509137731649,0.06286926555599937,0.0017535696764753314,3,0,0.35766230131435645,0.00123066354036036,0.4933773981276876,0.009150172272761591,0.13571509681333113,0.008298957185543509,3,0
100,infiltration,0.6687480591209923,0.0004508361980739331,0.7041479777678895,0.0028708089809319458,0.03539991864689729,0.0033155764347836797,3,0,0.31557071654565755,0.0005340593379106295,0.3402771651133853,0.002301684193140063,0.024706448567727763,0.002835177089574073,3,0
100,mass,0.7154965955572337,0.0019323480152803128,0.8443978352526585,0.01240151297908107,0.12890123969542497,0.012218723971308795,3,0,0.153493462489304,0.0006693729525407814,0.37864926494314627,0.02243334714614435,0.22515580245384223,0.023094968390907137,3,0
100,nodule,0.6744532294554152,0.0022728521938649555,0.7393171727003204,0.0067707329957171734,0.06486394324490523,0.008229866657951229,3,0,0.12385248092819079,0.0018288929160743623,0.18890406284547678,0.008470307343688996,0.06505158191728601,0.009103908846164493,3,0
100,pneumonia,0.7078015487935062,0.008432324074069176,0.7461891694779071,0.01029899555021084,0.038387620684400936,0.0066654864863007965,3,0,0.029268491836051635,0.0010347750805100127,0.049503231677393796,0.006084714990078616,0.020234739841342168,0.005430242962550831,3,0
100,pneumothorax,0.810223330790293,0.0019134405744531445,0.8757389630814735,0.0032210529289713147,0.06551563229118056,0.005134032538667332,3,0,0.2232784076916793,0.005199991118449863,0.3289214303380817,0.014414324731378977,0.10564302264640239,0.018087231068560503,3,0
100,consolidation,0.7808052777480102,0.0012088113425911637,0.8114634829492764,0.002155256399659731,0.030658205201266164,0.0027843454065053026,3,0,0.11889354031744892,0.0006201442072398298,0.1456244080947118,0.006285109702628687,0.02673086777726287,0.006260204116506498,3,0
100,edema,0.8780949571951479,0.00014860839488434012,0.9035972713797379,0.005962638235350493,0.02550231418459011,0.005814073216195928,3,0,0.1078372868059705,0.001273466375225454,0.15406563157246123,0.005124593039343221,0.04622834476649074,0.003918752798394867,3,0
100,emphysema,0.7891674176639212,0.001041369182459132,0.8738238742609372,0.002724637893594299,0.08465645659701597,0.002373999652217448,3,0,0.12376431498217562,0.0023708092492404804,0.2558096828298045,0.00698780988788791,0.1320453678476289,0.00461748163860837,3,0
100,fibrosis,0.7320044677034384,0.0008360050349787986,0.8064210156467723,0.01657105584755554,0.07441654794333397,0.015791684375187433,3,0,0.05805118461771624,0.0017374802223530455,0.08799029285725395,0.01787008511969691,0.029939108239537698,0.016133727496646426,3,0
100,pleural,0.7519723670353992,0.0026925293087343943,0.7882849939844293,0.010886139886369696,0.03631262694903007,0.008193711403275654,3,0,0.11629583604505866,0.001850171882471821,0.14085558529484649,0.013999176407585402,0.02455974924978783,0.012357949430074764,3,0
100,hernia,0.8022793029862667,0.006481223569921786,0.8637567696127847,0.021914295505532408,0.061477466626518096,0.01618336414725824,3,0,0.04923936292495806,0.00660767242865591,0.09877838210404954,0.01724707683637442,0.049539019179091474,0.01775488838345026,3,0
